{"Training Loss": 1.0355299711227417, "_timestamp": 1717582145.4071999, "_runtime": 57.38309288024902, "_step": 14, "_wandb": {"runtime": 59}}