{"Training Loss": 4.298990058898926, "_timestamp": 1718662380.6522324, "_runtime": 856.7638673782349, "_step": 57, "Testing Loss": 4.343086242675781}