{"Training Loss": 1.0187478065490723, "_timestamp": 1717493264.4373662, "_runtime": 77.79292035102844, "_step": 46, "_wandb": {"runtime": 77}}