{"Training Loss": 1.0187478065490723, "_timestamp": 1717493588.0438614, "_runtime": 77.72079038619995, "_step": 46, "_wandb": {"runtime": 77}}