{"Training Loss": 1.1460074186325073, "_timestamp": 1717495291.480217, "_runtime": 59.49973487854004, "_step": 34}