{"Training Loss": 1.9983775615692139, "_timestamp": 1717498399.1278915, "_runtime": 55.04271459579468, "_step": 0}