{"Training Loss": 0.2999388575553894, "_timestamp": 1717439755.413557, "_runtime": 1112.3855500221252, "_step": 937, "_wandb": {"runtime": 1111}}