{"Training Loss": 5.058643341064453, "_timestamp": 1718612925.2955425, "_runtime": 18.517630577087402, "_step": 10, "Testing Loss": 5.04787540435791}