{"Training Loss": 0.8534244894981384, "_timestamp": 1717006104.587347, "_runtime": 4162.192157030106, "_step": 1704}