{"Training Loss": 1.0187478065490723, "_timestamp": 1717452135.6361866, "_runtime": 59.688955545425415, "_step": 47, "Testing Loss": 1.0500657558441162, "_wandb": {"runtime": 58}}