{"Training Loss": 5.082878065109253, "_timestamp": 1718621651.1803024, "_runtime": 497.33384227752686, "_step": 31, "Testing Loss": 4.912315607070923, "_wandb": {"runtime": 505}}