{"Training Loss": 1.1642920076847076, "Testing Loss": 0.7239989787340164, "_timestamp": 1713867133.7328691, "_runtime": 2800.4618270397186, "_step": 0}