{"Training Loss": 5.059610891342163, "_timestamp": 1718622403.279374, "_runtime": 466.32346177101135, "_step": 29, "Testing Loss": 4.897183895111084}