{"Training Loss": 1.0187478065490723, "_timestamp": 1717493975.3470843, "_runtime": 76.93178033828735, "_step": 46, "_wandb": {"runtime": 75}}