{"Training Loss": 0.1826467365026474, "_timestamp": 1717492435.614406, "_runtime": 6654.028885126114, "_step": 5663, "Testing Loss": 0.19263777136802673}