{"Training Loss": 0.8278189897537231, "_timestamp": 1717497068.2447634, "_runtime": 191.84095644950867, "_step": 164, "Testing Loss": 1.0040727853775024}