{"Training Loss": 1.0182080268859863, "_timestamp": 1717494930.3573813, "_runtime": 148.69759225845337, "_step": 93, "_wandb": {"runtime": 148}}