{"acc": 0.7758524702775615, "loss": 0.24635057289116222, "_timestamp": 1713466817.5903234, "_runtime": 1.6224753856658936, "_step": 7, "_wandb": {"runtime": 0}}