{"Training Loss": 0.9186732696764397, "_timestamp": 1718112139.8256934, "_runtime": 173.9854974746704, "_step": 3}