{"Training Loss": 37.96732063293457, "_timestamp": 1718211100.1367118, "_runtime": 1215.0140118598938, "_step": 77, "Testing Loss": 40.496463775634766}