{"Training Loss": 0.25894492864608765, "_timestamp": 1714000772.853942, "_runtime": 9243.941646814346, "_step": 3029, "Testing Loss": 0.4510330259799957, "Training Loss Final": 0.41440227031707766, "Testing Loss Final": 0.40418189465999604}