{"Training Loss": 0.9326989650726318, "_timestamp": 1717409677.0663304, "_runtime": 118.73846435546875, "_step": 89}