{"Training Loss": 0.5431007742881775, "_timestamp": 1717001815.082026, "_runtime": 6127.694065093994, "_step": 834}