{"Training Loss": 0.3248197138309479, "_timestamp": 1717447979.6331468, "_runtime": 840.9355247020721, "_step": 703, "_wandb": {"runtime": 839}}