{"Training Loss": 3.739537239074707, "_timestamp": 1718129096.5269825, "_runtime": 27.483837604522705, "_step": 12, "Testing Loss": 3.4816126823425293, "_wandb": {"runtime": 31}, "Spike Animation": {"_type": "video-file", "sha256": "515715a00bf61154246993c266ae63e014cb005ef7ab97e26b2ae00321fef973", "size": 151537, "path": "media/videos/Spike Animation_12_515715a00bf611542469.gif"}}