{"Training Loss": 0.1831216812133789, "_timestamp": 1718313294.905917, "_runtime": 41.74423003196716, "_step": 2, "_wandb": {"runtime": 48}}