{"Training Loss": 0.5862321853637695, "_timestamp": 1717409538.165838, "_runtime": 1257.3607859611511, "_step": 1094, "Testing Loss": 0.6751343011856079, "_wandb": {"runtime": 1266}}