{"Training Loss": 0.4632434546947479, "_timestamp": 1718111088.6064668, "_runtime": 2190.5127906799316, "_step": 82, "Testing Loss": 0.5216242074966431}