{"Training Loss": 0.06820975542068482, "_timestamp": 1718370853.0346487, "_runtime": 27.623103618621826, "_step": 0, "_wandb": {"runtime": 37}}