{"Training Loss": 17.448284149169922, "_timestamp": 1718128874.2775452, "_runtime": 83.79399824142456, "_step": 0}