{"Training Loss": 1.3870306015014648, "_timestamp": 1717494503.795432, "_runtime": 36.36246609687805, "_step": 20}