{"Training Loss": 0.7777272462844849, "_timestamp": 1716210477.4005518, "_runtime": 18167.597661733627, "_step": 553, "Testing Loss": 0.8953314423561096, "Training Loss Final": 0.7734008610248566, "Testing Loss Final": 0.7547047913074494}