{"Training Loss": 0.42313867807388306, "_timestamp": 1717444218.7631, "_runtime": 838.6244587898254, "_step": 703, "_wandb": {"runtime": 837}}