{"Training Loss": 1313.3187255859375, "_timestamp": 1718313194.3472083, "_runtime": 68.30031132698059, "_step": 4, "_wandb": {"runtime": 74}}