{"Training Loss": 1.033210039138794, "_timestamp": 1717582490.695126, "_runtime": 68.39307713508606, "_step": 22, "Testing Loss": 1.0553621053695679, "_wandb": {"runtime": 66}}