{"Training Loss": 0.3044382631778717, "_timestamp": 1717448554.0963502, "_runtime": 560.8343472480774, "_step": 468, "_wandb": {"runtime": 559}}