{"Training Loss": 0.6766301989555359, "_timestamp": 1718634787.8917966, "_runtime": 55.25748062133789, "_step": 1}