{"Training Loss": 1.0911153554916382, "_timestamp": 1716993165.886771, "_runtime": 22.305408000946045, "_step": 6}