{"Training Loss": 0.06875931471586227, "_timestamp": 1718447767.9380305, "_runtime": 375.9810163974762, "_step": 58, "_wandb": {"runtime": 377}}