{"Training Loss": 1.0187478065490723, "_timestamp": 1717495212.5694904, "_runtime": 83.7767174243927, "_step": 46, "_wandb": {"runtime": 83}}