{"Training Loss": 0.9354555606842041, "_timestamp": 1716989874.5723104, "_runtime": 2166.4191234111786, "_step": 1789}