{"Training Loss": 12.247501373291016, "_timestamp": 1717438617.5440266, "_runtime": 24.009249687194824, "_step": 16}