{"Training Loss": 1.0787209272384644, "_timestamp": 1717604964.769819, "_runtime": 376.77229499816895, "_step": 101, "Testing Loss": 1.183777928352356}