{"Training Loss": 1.0187478065490723, "_timestamp": 1717493785.0197432, "_runtime": 77.93675327301025, "_step": 46, "_wandb": {"runtime": 77}}