{"Training Loss": 0.5032842755317688, "_timestamp": 1718634865.0791192, "_runtime": 26.284998178482056, "_step": 11, "Testing Loss": 0.49286291003227234, "_wandb": {"runtime": 29}, "Spike Animation": {"_type": "video-file", "sha256": "515715a00bf61154246993c266ae63e014cb005ef7ab97e26b2ae00321fef973", "size": 151537, "path": "media/videos/Spike Animation_11_515715a00bf611542469.gif"}}