{"Training Loss": 1.0182080268859863, "_timestamp": 1717494453.2053292, "_runtime": 145.87587022781372, "_step": 93, "_wandb": {"runtime": 144}}