{"Training Loss": 1.0446730852127075, "_timestamp": 1717493851.8312645, "_runtime": 57.118138551712036, "_step": 34}