{"Training Loss": 1.0155227184295654, "_timestamp": 1717495764.9394019, "_runtime": 92.09489393234253, "_step": 55}