{"Training Loss": 0.5259014964103699, "_timestamp": 1717407743.9372246, "_runtime": 631.0755987167358, "_step": 492}