{"Training Loss": 4.97828483581543, "_timestamp": 1718614385.7390997, "_runtime": 12.536234855651855, "_step": 0}