{"Training Loss": 1.0187478065490723, "_timestamp": 1717495655.052822, "_runtime": 85.14744806289673, "_step": 54, "Testing Loss": 1.0524554252624512, "_wandb": {"runtime": 84}}