{"Training Loss": 1.0187478065490723, "_timestamp": 1717497546.8714473, "_runtime": 76.00838828086853, "_step": 46, "_wandb": {"runtime": 76}}