{"Training Loss": 0.25492265820503235, "_timestamp": 1717447128.5925665, "_runtime": 1113.9719605445862, "_step": 937, "_wandb": {"runtime": 1112}}