{"Training Loss": 0.9204622954130173, "Testing Loss": 0.5509256571531296, "_timestamp": 1713796067.7876468, "_runtime": 5539.14906167984, "_step": 1}