{"Training Loss": 0.31722795963287354, "_timestamp": 1717450831.2141423, "_runtime": 841.0159363746643, "_step": 703, "_wandb": {"runtime": 839}}