{"Training Loss": 1.033993124961853, "_timestamp": 1717582301.1808748, "_runtime": 64.39835691452026, "_step": 22, "Testing Loss": 1.0530065298080444, "_wandb": {"runtime": 63}}