{"Training Loss": 0.9072784781455994, "_timestamp": 1717494641.0006392, "_runtime": 78.43488931655884, "_step": 45}