{"Training Loss": 160.7758871849547, "_timestamp": 1718196490.4897525, "_runtime": 121.82440161705017, "_step": 0, "_wandb": {"runtime": 217}}