{"Training Loss": 0.9623228192329407, "_timestamp": 1718128581.4317102, "_runtime": 167.24919533729553, "_step": 17, "Testing Loss": 1.0513413548469543, "_wandb": {"runtime": 171}, "Spike Animation": {"_type": "video-file", "sha256": "515715a00bf61154246993c266ae63e014cb005ef7ab97e26b2ae00321fef973", "size": 151537, "path": "media/videos/Spike Animation_17_515715a00bf611542469.gif"}}