{"Training Loss": 0.9048164486885071, "_timestamp": 1717537416.6584313, "_runtime": 749.9462633132935, "_step": 659, "Testing Loss": 1.0508438348770142, "_wandb": {"runtime": 748}}