{"Training Loss": 0.537192165851593, "_timestamp": 1717580373.991078, "_runtime": 3291.6315739154816, "_step": 9}