{"Training Loss": 1.0062062740325928, "_timestamp": 1717006109.2215374, "_runtime": 4169.42950129509, "_step": 3173, "Testing Loss": 0.862799882888794, "Training Loss Final": 0.8111967146396637, "Testing Loss Final": 0.813510799407959}