{"Training Loss": 1.1548384428024292, "_timestamp": 1717523584.2645507, "_runtime": 672.0778617858887, "_step": 42, "_wandb": {"runtime": 673}}