{"Training Loss": 0.24157629907131195, "_timestamp": 1717533838.041493, "_runtime": 4188.749433040619, "_step": 3938, "Testing Loss": 0.25795769691467285, "_wandb": {"runtime": 4187}}