{"Training Loss": 493.2121856689453, "_timestamp": 1718313387.924902, "_runtime": 29.028522968292236, "_step": 1}