{"Training Loss": 5.0481367111206055, "_timestamp": 1718614271.234622, "_runtime": 25.777055978775024, "_step": 11, "Testing Loss": 5.043728828430176, "_wandb": {"runtime": 32}, "Spike Animation": {"_type": "video-file", "sha256": "515715a00bf61154246993c266ae63e014cb005ef7ab97e26b2ae00321fef973", "size": 151537, "path": "media/videos/Spike Animation_11_515715a00bf611542469.gif"}}