{"Training Loss": 0.5391201972961426, "_timestamp": 1717529639.4170318, "_runtime": 2980.8333916664124, "_step": 2624, "Testing Loss": 0.5017196536064148, "_wandb": {"runtime": 2979}}