{"Training Loss": 0.0, "Testing Loss": 0, "_timestamp": 1713899061.9320133, "_runtime": 30101.587143182755, "_step": 2}