{"Training Loss": 49.815660858154295, "_timestamp": 1718313101.919967, "_runtime": 56.74055194854736, "_step": 3, "_wandb": {"runtime": 64}}