{"Training Loss": 0.5862321853637695, "_timestamp": 1713986581.314852, "_runtime": 1966.1342968940735, "_step": 1051, "Testing Loss": 0.6811359524726868}