{"Training Loss": 0.5486928224563599, "_timestamp": 1717001815.8968623, "_runtime": 6126.057362318039, "_step": 857}