{"Training Loss": 0.5862321853637695, "_timestamp": 1714047481.8426342, "_runtime": 3952.287919282913, "_step": 1088, "Testing Loss": 0.543463945388794}