{"Training Loss": 0.30306801199913025, "_timestamp": 1717526649.0198143, "_runtime": 2791.9020612239838, "_step": 2624, "Testing Loss": 0.2940140962600708, "_wandb": {"runtime": 2790}}