{"Training Loss": 4.613175868988037, "_timestamp": 1717498002.3205798, "_runtime": 54.927382707595825, "_step": 35}