{"Training Loss": 1.0187478065490723, "_timestamp": 1717494296.2233622, "_runtime": 76.40525221824646, "_step": 46, "_wandb": {"runtime": 75}}