{"Training Loss": 0.05998703092336655, "_timestamp": 1718461355.3656418, "_runtime": 877.8812937736511, "_step": 481, "Testing Loss": 0.058295682072639465}