{"Training Loss": 4.981281757354736, "_timestamp": 1718493691.358008, "_runtime": 877.6290957927704, "_step": 60, "Testing Loss": 4.691186189651489}