{"Training Loss": 0.9666914105415344, "_timestamp": 1718111955.722446, "_runtime": 405.49586486816406, "_step": 101, "Testing Loss": 0.9835821390151978, "_wandb": {"runtime": 404}}