{"Training Loss": 1.1640132665634155, "_timestamp": 1717610512.2207954, "_runtime": 2656.7631554603577, "_step": 209, "Testing Loss": 1.2139968872070312}