{"Training Loss": 1.0760976076126099, "_timestamp": 1717493665.20993, "_runtime": 66.79787993431091, "_step": 39}