{"Training Loss": 0.7024397850036621, "_timestamp": 1717445080.9730983, "_runtime": 281.1204402446747, "_step": 234, "_wandb": {"runtime": 279}}