{"Training Loss": 0.48805123567581177, "_timestamp": 1717444789.6779807, "_runtime": 560.4373097419739, "_step": 468, "_wandb": {"runtime": 559}}