{"Training Loss": 552.17138671875, "_timestamp": 1718360721.224808, "_runtime": 1600.0714740753174, "_step": 90, "Testing Loss": 535.3238098144532, "_wandb": {"runtime": 1603}, "Spike Animation": {"_type": "video-file", "sha256": "515715a00bf61154246993c266ae63e014cb005ef7ab97e26b2ae00321fef973", "size": 151537, "path": "media/videos/Spike Animation_90_515715a00bf611542469.gif"}}