{"Training Loss": 1.0158064365386963, "_timestamp": 1717452226.4703295, "_runtime": 73.03034257888794, "_step": 57}