{"Training Loss": 0.6689054369926453, "_timestamp": 1717539565.0567286, "_runtime": 2137.3775374889374, "_step": 1984, "Testing Loss": 0.7131425738334656}