{"Training Loss": 0.7938331961631775, "_timestamp": 1717001815.08401, "_runtime": 8550.684007883072, "_step": 3051, "Testing Loss": 0.862799882888794, "Training Loss Final": 0.8111967146396637, "Testing Loss Final": 0.813510799407959}