{"Training Loss": 0.17215800285339355, "_timestamp": 1717166267.4364474, "_runtime": 4114.318590402603, "_step": 3284, "Testing Loss": 0.20537780225276947}