{"Training Loss": 0.18602518737316132, "_timestamp": 1717536655.5501516, "_runtime": 2798.5111145973206, "_step": 2624, "Testing Loss": 0.16060173511505127, "_wandb": {"runtime": 2797}}