{"Training Loss": 0.051009226962924, "_timestamp": 1718291695.978268, "_runtime": 727.438453912735, "_step": 46, "Testing Loss": 0.05130405090749264}