{"Training Loss": 808.4254577636718, "_timestamp": 1718313014.8930676, "_runtime": 575.4814627170563, "_step": 41, "Testing Loss": 797.5367004394532, "_wandb": {"runtime": 583}}