{"Training Loss": 1.6840521097183228, "_timestamp": 1717499945.7103713, "_runtime": 43.762293338775635, "_step": 2}