{"Training Loss": 1.0314843654632568, "_timestamp": 1717495531.463251, "_runtime": 74.75935006141663, "_step": 46}