{"Training Loss": 0.41440227031707766, "Testing Loss": 0.40418189465999604, "_timestamp": 1713907987.003865, "_runtime": 6593.559685945511, "_step": 1}