{"Training Loss": 1.0187478065490723, "_timestamp": 1717494770.9143283, "_runtime": 76.90008044242859, "_step": 46, "_wandb": {"runtime": 76}}