{"Training Loss": 1.0187478065490723, "_timestamp": 1717495444.589213, "_runtime": 86.04202890396118, "_step": 54, "Testing Loss": 1.0524554252624512, "_wandb": {"runtime": 84}}