{"Training Loss": 0.2999388575553894, "_timestamp": 1717443366.1654491, "_runtime": 1112.2243921756744, "_step": 937, "_wandb": {"runtime": 1111}}