{"Training Loss": 1.0182080268859863, "_timestamp": 1717494132.4988356, "_runtime": 146.26030945777893, "_step": 93, "_wandb": {"runtime": 145}}