{"Training Loss": 0.19146449863910675, "_timestamp": 1714401352.0716388, "_runtime": 6169.718855857849, "_step": 5327, "Testing Loss": 0.17001011967658997, "Training Loss Final": 0.16372950971126557, "Testing Loss Final": 0.1654501035809517}