{"Training Loss": 0.8278189897537231, "_timestamp": 1717497926.8515618, "_runtime": 241.7648868560791, "_step": 156, "Testing Loss": 1.0565558671951294, "_wandb": {"runtime": 241}}