{"Training Loss": 1.1839879751205444, "_timestamp": 1717497645.2514744, "_runtime": 86.42333841323853, "_step": 51}