{"Training Loss": 0.5045498609542847, "_timestamp": 1718634592.2505088, "_runtime": 25.47859287261963, "_step": 11, "Testing Loss": 0.4959087073802948, "_wandb": {"runtime": 28}, "Spike Animation": {"_type": "video-file", "sha256": "515715a00bf61154246993c266ae63e014cb005ef7ab97e26b2ae00321fef973", "size": 151537, "path": "media/videos/Spike Animation_11_515715a00bf611542469.gif"}}