{"Training Loss": 0.8278189897537231, "_timestamp": 1717496042.5981162, "_runtime": 242.56823325157166, "_step": 164, "Testing Loss": 1.0040727853775024, "_wandb": {"runtime": 791}}