{"Training Loss": 0.25575119256973267, "_timestamp": 1717449978.7099948, "_runtime": 1117.3188297748566, "_step": 937, "_wandb": {"runtime": 1115}}