{"Training Loss": 0.21994243562221527, "_timestamp": 1717643874.0287964, "_runtime": 4662.468948364258, "_step": 237, "Testing Loss": 0.2326768934726715}