{"Training Loss": 0.5805165767669678, "_timestamp": 1717448848.645445, "_runtime": 281.52359914779663, "_step": 234, "_wandb": {"runtime": 280}}