{"Training Loss": 497.23297424316405, "_timestamp": 1718313597.812934, "_runtime": 45.41340184211731, "_step": 2}